"","median","ci_low","ci_high"
"psi.50%",0.080375898222079,0.0223543760017257,0.197558787556024
"gamma.50%",0.0369595221959703,0.0172526120465466,0.071010510911588
"phi.50%",0.895112558976095,0.745013299432464,0.978120552700309
"p0.50%",0.023232315388304,0.0152273827257114,0.0347297051138717
"alpha1.50%",1.21569923988581,0.52218668226987,1.96368043856607
"beta_env.50%",-0.573159697416497,-16.3829710225679,0.288801192991668
