"","ci_low","ci_high"
"psi.2.5%",0.0480485119735541,0.258488633391473
"gamma.2.5%",0.0184285734948881,0.108028100276453
"phi.2.5%",0.706341339036153,0.987779957923617
"p0.2.5%",0.0189695125508269,0.042583524143521
"alpha1.2.5%",0.797548506404271,2.10798376858877
"beta_env.2.5%",0.0634748168563934,1.21143602015158
